title,url
"Olimex OlinuXino (i.MX233, A13, A10s, A10) on Android/Linux ...",http://cyberspaceandtime.com/DjTYji93xNY.video+related
First Look at the Olinuxino Maxi: i.MX233 ARM based Linux ...,http://granascoaha.duckdns.org/360.html
Tenet Technetronics: Introduction to iMX233-OLinuXino-MAXI ...,http://sck6y8.autodoorv2.bar/search/imx233+evk
First Look at the Olinuxino Maxi: i.MX233 ARM based Linux ...,http://www.geekgrade.com/geeksheet/aarossig/blogs
OpenFest 2012 - OLinuXino - YouTube,http://www.ivanov.eu/?q=node&page=1
"DOOM game play on iMX233-OLinuXino with 4.3"" LCD ...",http://www.pcbheaven.com/opendir/index.php?show=934nf3654he496b3368
Olimex OLinuXino NANO Unboxing - YouTube,http://www.varesano.net/?page=1
"iMX233-OLinuXino-Maxi, Одноплатный компьютер - YouTube",http://www.varesano.net/?page=1&CalendarName=MLDcal&DayViewStart=8&Amount=Day&NavType=Neither&Type=TimePlan&Date=2009%2F6%2F19
HomeAutomation with Open Source Hardware ARM Linux ...,http://www.varesano.net/?page=1&iframe=true&width=1280&height=620
iMX233-OLinuXino with MOD-Wii-UEXT-NUNCHUCK demo ...,http://www.varesano.net/blog/fabio/first-look-olinuxino-maxi-imx233-arm-based-linux-computer-archlinuxarm
HomeAutomation with Open Source Hardware ARM Linux ...,http://www.varesano.net/blog/fabio?page=1
A13-OLinuXino Cortex-A8 1GHz Open Source Hardware ...,http://www.varesano.net/blog?page=2
Ti simulator on olinuxino micro imx233 + homemade keyboard ...,http://www.varesano.net/node?page=1&100try_com=
olinuxino | olimex | Page 32 - WordPress.com,http://www.varesano.net/node?page=1&Amount=lmwaekghf
Olimex Open Source Hardware Embedded Arm Linux Single ...,http://www.varesano.net/node?page=1&CalendarName=MLDcal&DayViewStart=-4&Amount=Day&NavType=Both&Type=TimePlan&Date=2007%2F2%2F1
LRADC on Olinuxino IMX233 with Qt 4.8 Embedded - YouTube,http://www.varesano.net/node?page=1&iapolo_com=
olinuxino | olimex | Page 28 - WordPress.com,http://www.varesano.net/node?page=1&page%5Cu003d7%5Cu0026amp%3Bflash_version%5Cu003dWIN=
RT5350F-OLinuXino-EVB with OpenWrt - YouTube,http://www.varesano.net/node?page=1&pagewanted=all
SNES Super Mario Bros emulator running on iMX233 ...,http://www.varesano.net/topic/archlinux
Olimex Lime Debian Wheezy Hard Drive Install - YouTube,http://www.varesano.net/topic/linux
Olinuxino Nano directly controlling four WS2811-based LED ...,http://www.varesano.net/topic/olinuxino
Imx233 Android Stamp directfb test - YouTube,http://www.zoobab.com/soldering-workshop-for-kids-and-adults
olinuxino | olimex | Page 31 - WordPress.com,http://www.zoobab.com/whois-zoobab
archlinux | Varesano.net,https://backlab.wordpress.com/2013/02/22/single-board-pc-raspberry-pi-e-gli-altri-56/
A13-LCD4.3TS with multitouch feature | olimex,https://bit-tech.net/news/tech/pcs/olinuxino/1/
A13-OLinuXino with OpenCV face detection - YouTube,https://bit-tech.net/news/tech/pi-heralds-compact-revolution/1/
Blogs | Varesano.net,https://blog.adafruit.com/2012/11/04/power-considerations-get-a-good-power-supply/comment-page-1/
FreeIMU Magnetometer and Accelerometer Calibration GUI ...,https://dwaves.org/2016/11/05/offgrid-solar-powered-workstation-open-source-hardware/
soldering | olimex,https://habr.com/ru/post/158555/
A13-OLinuXino video problem is fixed and board works ...,https://hackaday.io/project/2442/logs
olinuxino | olimex | Page 26 - WordPress.com,https://hackaday.io/project/709/logs
WS2812 LEDs controlled by an iMX233 - Result - Sprites mods,https://hobbytech.com.ua/%D0%BF%D1%80%D0%B8%D0%BC%D0%B5%D1%80-%D0%B3%D1%80%D0%B0%D0%B2%D0%B8%D1%80%D0%BE%D0%B2%D0%BA%D0%B8-%D0%BB%D0%B0%D0%B7%D0%B5%D1%80%D0%BE%D0%BC/
Android on olinuxino a13 - YouTube,https://hobbytech.com.ua/%D0%BF%D1%80%D0%BE%D0%B5%D0%BA%D1%82-littlebits-%D0%B0%D0%BD%D0%B0%D0%BB%D0%BE%D0%B3%D0%BE%D0%B2%D0%B8%D0%B9-%D0%BF%D1%96%D0%BD%D0%B3-%D0%BF%D0%BE%D0%BD%D0%B3/
Fabio Varesano - Varesano.net | Fabio Varesano Personal ...,https://hobbytech.com.ua/airblock-%D0%B2%D0%B6%D0%B5-%D0%BD%D0%B0-%D1%81%D0%BA%D0%BB%D0%B0%D0%B4%D1%96/
A13-OLinuXino-WIFI - Robofun,https://hobbytech.com.ua/littlebits-%D0%B4%D0%B2%D0%B5%D1%80%D0%BD%D0%B8%D0%B9-%D0%B4%D0%B7%D0%B2%D1%96%D0%BD%D0%BE%D0%BA-%D1%96%D0%B7-sms-%D0%BE%D0%BF%D0%BE%D0%B2%D1%96%D1%89%D0%B5%D0%BD%D0%BD%D1%8F%D0%BC/
fabio's blog | Varesano.net,https://hobbytech.com.ua/makeblock-neuron-inventor-kit-on-stock/
OLinuXino looks to take on the Raspberry Pi | bit-tech.net,https://hobbytech.com.ua/product/%D0%BE%D0%B1%D1%83%D1%87%D0%B0%D1%8E%D1%89%D0%B8%D0%B9-%D0%BA%D0%BE%D0%BD%D1%81%D1%82%D1%80%D1%83%D0%BA%D1%82%D0%BE%D1%80-xy-plotter-robot-kit-v2-0/
python | olimex | Page 2 - WordPress.com,https://hobbytech.com.ua/product/omega-onion-nfc-rfid-expansion/
FreeIMU Magnetometer and Accelerometer Calibration GUI ...,https://m.youtube.com/watch?list=PLPR18JELZ_YLHLVq9XF1YhETcIKhm19BK&v=rAoiIu-B2Dw&itct=CAsQxjQYACITCNT8teH77NQCFdd7TgodzmIIfDIKcGxwcF92aWRlb1okVkxQTFBSMThKRUxaX1lMSExWcTlYRjFZaEVUY0lLaG0xOUJL&gl=US&client=mv-google&hl=en
Olinuxino | Varesano.net,https://m.youtube.com/watch?v=JR3N2SycEXM&list=PL6-W3FoUyb4-Vkxe2e5_z9k-uOR41XX8B&index=9&t=0s
Testing FreeIMU Orientation Sensing after Accelerometer and ...,https://m.youtube.com/watch?v=-NtYRN3lWp0&fulldescription=1&hl=en&gl=US&client=mv-google
FreeIMU Magnetometer and Accelerometer Calibration GUI ...,https://olimex.wordpress.com/2012/09/11/a13-olinuxino-video-problem-is-fixed-and-board-works-correctly-now/
Power Considerations: Get a Good Power Supply - Adafruit Blog,https://olimex.wordpress.com/2012/11/30/a13-lcd4-3ts-with-multitouch-feature/
VGDD Olimex - YouTube,https://olimex.wordpress.com/2013/page/31/
FreeIMU Magnetometer and Accelerometer Calibration GUI ...,https://olimex.wordpress.com/2014/05/14/pic-web-box-demo-video/
Raspberry Pi heralds a compact computing revolution - Bit-Tech,https://olimex.wordpress.com/2014/page/19/?ak_action=reject_mobile
Shenzhen Huancheng Automation Equipment HC printer do ...,https://olimex.wordpress.com/category/olinuxino/page/26/
Fabio Varesano - Varesano.net | Fabio Varesano Personal ...,https://olimex.wordpress.com/category/olinuxino/page/28/
Fabio Varesano - Varesano.net | Fabio Varesano Personal ...,https://olimex.wordpress.com/category/olinuxino/page/31/
"A13-OLinuXino, Одноплатный компьютер - Чип и Дип",https://olimex.wordpress.com/category/review/page/2/
support | olimex,https://olimex.wordpress.com/page/105/?app-download=blackberry
Olinuxino A20 - Led controlled by GPIO - YouTube,https://olimex.wordpress.com/page/143/?cat=-1
"A13-OLinuXino, Одноплатный компьютер - ЧИП и ДИП",https://olimex.wordpress.com/page/148/?iframe=true&theme_preview=true%2F%3Fcat%3D
"iMX233-OLinuXino-Maxi, Одноплатный компьютер на базе ...",https://olimex.wordpress.com/tag/3d/
"iMX233-OLinuXino-Maxi, Одноплатный компьютер на базе ...",https://olimex.wordpress.com/tag/basic/
Blinking LED with iMX233-OLinuXino - TR-cam,https://olimex.wordpress.com/tag/olinuxino/page/32/
"iMX233-OLinuXino-Maxi, Одноплатный компьютер - YouTube",https://olimex.wordpress.com/tag/python/page/2/
Imx233 evk,https://olimex.wordpress.com/tag/soldering/
ArchLinuxARM telepítése és futtatása OLinuXino-iMX233 ...,https://olimex.wordpress.com/tag/support/
FreeIMU Magnetometer and Accelerometer Calibration GUI ...,https://rlx.sk/en/development-tools/5693-sparkfun-weatherbit-dev-14214-board-for-the-microbit-bbc.html
all fun projects at Olimex Ltd | Page 143 - olimex,https://spritesmods.com/?art=imx233-ws2811&page=4
ArchLinuxARM telepítése és futtatása OLinuXino-iMX233 ...,https://tr-cam.com/video/4FvNwmmj_X8/blinking-led-with-imx233-olinuxino.html
"Видео: iMX233-OLinuXino-Maxi, Одноплатный компьютер ...",https://tr-cam.com/video/zbA_M_9l6TQ/archlinuxarm-telepitese-es-futtatasa-olinuxino-imx233-kartyan.html
3d | olimex,https://www.chipdip.by/video/id000303482
Отладочная плата LPC-P2148 - Чип и Дип,https://www.chipdip.by/video/id000311421
PIC-WEB-BOX demo video | olimex,https://www.chipdip.by/video/id000312898
Программатор ChipProg-481 - Чип и Дип,https://www.chipdip.by/video/id000525457
linux | Varesano.net,https://www.chipdip.by/video/id000528476
"Arduino, Freeduino, Pinguino, Olimexino - Чип и Дип",https://www.chipdip.by/video/id000554483
"STM32F0DISCOVERY, Отладочный комплект на базе ...",https://www.chipdip.by/video/id000557573
Модуль сбора данных DLP-IO8-G - ЧИП и ДИП,https://www.chipdip.ru/video/id000288265
"MSP430-SOLAR, солнечная батарея для совместной ...",https://www.chipdip.ru/video/id000300222
Мотор с редуктором IE-BO2-48M - ЧИП и ДИП,https://www.chipdip.ru/video/id000316212
2013 | olimex | Page 31 - WordPress.com,https://www.chipdip.ru/video/id000554483
Project | Back To The Future Time Circuit Clock | Hackaday.io,https://www.chipdip.ru/video/id000557573
2014 | olimex | Page 19 - WordPress.com,"https://www.electronicproducts.com/Computer_Systems/Standalone_Mobile/How_to_make_a_PiPhone,_a_Raspberry_Pi_smartphone.aspx"
all fun projects at Olimex Ltd | Page 148 - olimex,https://www.prostanki.com/video/42c8056986d6b551f548
"PicKit-3, программатор для PIC- микроконтроллеров ...",https://www.robofun.ro/platforme/olinuxino/a13-olinuxino-wifi?sort=p.model&order=ASC&limit=25
SparkFun weather:bit (DEV-14214) board for the micro:bit BBC,https://www.youtube.com/playlist?list=PL6-W3FoUyb4-Vkxe2e5_z9k-uOR41XX8B
Whois Zoobab ? - .[ZooBaB].,https://www.youtube.com/watch?v=_v_foYqZzFw
Olinuxino Nano directly controlling 4 WS2811 LED-strips ...,https://www.youtube.com/watch?v=_VrtWgkeRyY
Project | Hackaday monitor and Lighting Box | Hackaday.io,https://www.youtube.com/watch?v=3X_txD5uwTA
Soldering workshop for kids and adults - .[ZooBaB].,https://www.youtube.com/watch?v=8MSbaH5w97Y
aarossig - Blog Entries - Geek Grade,https://www.youtube.com/watch?v=dZiw--D-Vts
OffGrid Solar Powered Workstation (Open Source Hardware ...,https://www.youtube.com/watch?v=EezP6vW4rH4
Single-board PC – Raspberry Pi e gli altri (5/6) | Backlab's ...,https://www.youtube.com/watch?v=Hh_j3Smd4jo&list=PL6-W3FoUyb4-Vkxe2e5_z9k-uOR41XX8B&index=16&t=0s
Light — продвинутый светильник с Linux на борту / Хабр,https://www.youtube.com/watch?v=lxyQUpkzG3Y&list=PUBLijWZ1jr_6VrIlhp3fFtw&index=69
Ivanov Péter honlapja - ivanov.eu,https://www.youtube.com/watch?v=meuK29pmEgQ
Makeblock Neuron Inventor Kit вже на складі | HobbyTech,https://www.youtube.com/watch?v=-MsywWtN79c
"How to make a PiPhone, a Raspberry Pi smartphone ...",https://www.youtube.com/watch?v=pACJv8MweuI
Дрон Airblock вже на складі! | HobbyTech,https://www.youtube.com/watch?v=pLHQZte-FuY
BASIC | olimex,https://www.youtube.com/watch?v=pSVG3LF7uqA
TOUCH SCREEN WITH LINUX A13-OLINUXINO by Tsvetan ...,https://www.youtube.com/watch?v=q-nDNPa4kNg
review | olimex | Page 2 - WordPress.com,https://www.youtube.com/watch?v=R0q2e6u_vc4
Плата розширення Onion NFC/RFID Expansion | HobbyTech,https://www.youtube.com/watch?v=rAoiIu-B2Dw
all fun projects at Olimex Ltd | Page 105 - olimex,https://www.youtube.com/watch?v=WVbBAxcVX3k
Проект littleBits: дверний дзвінок з SMS оповіщенням ...,https://www.youtube.com/watch?v=XUfpKwYvv00
Навчальний конструктор Makeblock XY-Plotter Robot Kit V2 ...,https://www.youtube.com/watch?v=XUfpKwYvv00
Пример гравировки лазером | HobbyTech,https://www.youtube.com/watch?v=zbA_M_9l6TQ
Проект littleBits: аналоговий пінг-понг | HobbyTech,https://www.youtube.com/watch?v=z-uHulA27bQ
